cluster_id;Kingdom;Phylum;Class;Order;Family;Genus;Species;SpeciesName;MashRef;
cluster.1;Bacteria;Bacteroidetes;Bacteroidia;Bacteroidales;Bacteroidaceae;Bacteroides;propionicifaciens;Bacteroides propionicifaciens;Bacteroides_propionicifaciens_DSM_19291_JCM_14649.fna;http://www.cbs.dtu.dk/public/CGE/databases/CuratedGenomes/bacteria/GCF_000375405.1_ASM37540v1_genomic.fna
cluster.3;Bacteria;Firmicutes;Clostridia;Clostridiales;Family XI;Peptoniphilus;obesi;Peptoniphilus obesi;Peptoniphilus_obesi_ph1.fna;https://www.ncbi.nlm.nih.gov/assembly/GCA_000311865.1
cluster.4;Bacteria;Proteobacteria;Gammaproteobacteria;Pasteurellales;Pasteurellaceae;Chelonobacter;oris.fna;Chelonobacter oris;Chelonobacter_oris.fna;
cluster.5;Bacteria;Proteobacteria;Gammaproteobacteria;Pseudomonadales;Moraxellaceae;Moraxella;boevrei;Moraxella boevrei;Moraxella_boevrei_DSM_14165.fna;
cluster.6;Bacteria;Epsilonbacteraeota;Campylobacteria;Campylobacterales;Arcobacteraceae;Arcobacter;cibarius;Arcobacter cibarius;Arcobacter_cibarius_LMG_21996.fna;
cluster.7;Bacteria;Proteobacteria;Gammaproteobacteria;Betaproteobacteriales;Nitrosomonadaceae;Nitrosomonas;sp.;Nitrosomonas sp.;Nitrosomonas_sp._AL212.fna;
cluster.8;Bacteria;Firmicutes;Clostridia;Clostridiales;Ruminococcaceae;Faecalibacterium;sp.;Faecalibacterium sp.;Faecalibacterium_sp._CAG_74.fna;
cluster.9;Bacteria;Proteobacteria;Gammaproteobacteria;Betaproteobacteriales;Aquaspirillaceae;Aquaspirillum;serpens;Aquaspirillum serpens;Aquaspirillum_serpens_DSM_68.fna;
cluster.10;Bacteria;Firmicutes;Bacilli;Lactobacillales;Carnobacteriaceae;Carnobacterium;sp.;Carnobacterium sp.;Carnobacterium_sp._N15.MGS_207.fna;
cluster.12;Bacteria;Firmicutes;Clostridia;Clostridiales;Ruminococcaceae;Ruminococcus;torques;Ruminococcus torques;Ruminococcus_torques_ATCC_27756.fna;
cluster.13;Bacteria;Thermotogae;Thermotogae;Thermotogales;Fervidobacteriaceae;Thermosipho;melanesiensis;Thermosipho melanesiensis;Thermosipho_melanesiensis_BI429.fna;
cluster.14;Bacteria;Firmicutes;Clostridia;Clostridiales;Ruminococcaceae;Subdoligranulum;variabile;Subdoligranulum variabile;Subdoligranulum_variabile_DSM_15176.fna;
cluster.15;Bacteria;Proteobacteria;Betaproteobacteria;Methylophilales;Methylophilaceae;Methylobacillus;bacterium;Methylophilaceae bacterium;Methylophilaceae_bacterium_11.fna;
cluster.16;Bacteria;Epsilonbacteraeota;Campylobacteria;Campylobacterales;Sulfurospirillaceae;Sulfurospirillum;deleyianum;Sulfurospirillum deleyianum;Sulfurospirillum_deleyianum_DSM_6946.fna;
cluster.17;Bacteria;Fusobacteria;Fusobacteriia;Fusobacteriales;Leptotrichiaceae;Sebaldella;termitidis;Sebaldella termitidis;Sebaldella_termitidis_ATCC_33386.fna;
cluster.18;Bacteria;Firmicutes;Bacilli;Lactobacillales;Enterococcaceae;Melissococcus;plutonius;Melissococcus plutonius;Melissococcus_plutonius_DAT561.fna;
cluster.19;Bacteria;Bacteroidetes;Bacteroidia;Bacteroidales;Dysgonomonadaceae;Dysgonomonas;gadei;Dysgonomonas gadei;Dysgonomonas_gadei_ATCC_BAA_286.fna;
cluster.21;Bacteria;Fusobacteria;Fusobacteriia;Fusobacteriales;Fusobacteriaceae;Fusobacterium;nucleatum;Fusobacterium nucleatum;Fusobacterium_nucleatum_CTI_1.fna;
cluster.22;Bacteria;Proteobacteria;Gammaproteobacteria;Betaproteobacteriales;Burkholderiaceae;Ralstonia;solanacearum;Ralstonia solanacearum;Ralstonia_solanacearum_FQY_4.fna;
cluster.23;Bacteria;Firmicutes;Bacilli;Lactobacillales;Streptococcaceae;Streptococcus;salivarius;Streptococcus salivarius;Streptococcus_salivarius_CCHSS3.fna;
cluster.24;Bacteria;Bacteroidetes;Bacteroidia;Flavobacteriales;Flavobacteriaceae;Flavobacterium;psychrophilum;Flavobacterium psychrophilum;Flavobacterium_psychrophilum_JIP02_86.fna;
cluster.25;Bacteria;Firmicutes;Clostridia;Clostridiales;Ruminococcaceae;Ruminococcus;gnavus;Ruminococcus gnavus;Ruminococcus_gnavus_CC55_001C.fna;
cluster.26;Bacteria;Bacteroidetes;Bacteroidia;Bacteroidales;Tannerellaceae;Parabacteroides;merdae;Parabacteroides merdae;Parabacteroides_merdae_CAG_48.fna;
cluster.27;Bacteria;Bacteroidetes;Bacteroidia;Bacteroidales;Rikenellaceae;Alistipes;putredinis;Alistipes putredinis;Alistipes_putredinis_CAG_67.fna;
cluster.28;Bacteria;Bacteroidetes;Bacteroidia;Bacteroidales;Bacteroidaceae;Bacteroides;eggerthii;Bacteroides eggerthii;Bacteroides_eggerthii_CAG_109.fna;
cluster.29;Bacteria;Bacteroidetes;Bacteroidia;Bacteroidales;Marinifilaceae;Odoribacter;sp.;Odoribacter sp.;Odoribacter_sp._N54.MGS_14.fna;
cluster.30;Bacteria;Proteobacteria;Betaproteobacteria;Burkholderiales;Burkholderiales;Burkholderiales;bacterium;Burkholderiales bacterium;Burkholderiales_bacterium_JOSHI_001.fna;
cluster.31;Bacteria;Firmicutes;Bacilli;Lactobacillales;Streptococcaceae;Streptococcus;minor;Streptococcus minor;Streptococcus_minor_DSM_17118.fna;
cluster.33;Bacteria;Bacteroidetes;Bacteroidia;Chitinophagales;Chitinophagaceae;Sediminibacterium;sp.;Sediminibacterium sp.;Sediminibacterium_sp._OR43.fna;
cluster.34;Bacteria;Epsilonbacteraeota;Campylobacteria;Campylobacterales;Arcobacteraceae;Arcobacter;nitrofigilis;Arcobacter nitrofigilis;Arcobacter_nitrofigilis_DSM_7299.fna;
cluster.35;Bacteria;Firmicutes;Clostridia;Clostridiales;Clostridiaceae;Clostridium;kluyveri;Clostridium kluyveri;Clostridium_kluyveri_DSM_555.fna;
cluster.36;Bacteria;Firmicutes;Clostridia;Clostridiales;Ruminococcaceae;Ruminococcus;sp.;Ruminococcus sp.;Ruminococcus_sp._CAG_57.fna;
cluster.37;Bacteria;Proteobacteria;Gammaproteobacteria;Betaproteobacteriales;Aquaspirillaceae;Laribacter;hongkongensis;Laribacter hongkongensis;Laribacter_hongkongensis_HLHK9.fna;
cluster.38;Archaea;Crenarchaeota;Thermoprotei;Desulfurococcales;Acidilobaceae;Caldisphaera;lagunensis;Caldisphaera lagunensis;Caldisphaera_lagunensis_DSM_15908.fna;
cluster.39;Bacteria;Nitrospirae;Nitrospira;Nitrospirales;Nitrospiraceae;Nitrospira;Nitrospira;Candidatus Nitrospira;Candidatus_Nitrospira_defluvii.fna;
cluster.40;Bacteria;Firmicutes;Clostridia;Clostridiales;Lachnospiraceae;Dorea;formicigenerans;Dorea formicigenerans;Dorea_formicigenerans_CAG_28.fna;
cluster.41;Bacteria;Firmicutes;Clostridia;Clostridiales;Ruminococcaceae;Ruminococcus;sp.;Ruminococcus sp.;Ruminococcus_sp._CAG_177.fna;
cluster.42;Bacteria;Spirochaetes;Spirochaetia;Spirochaetales;Spirochaetaceae;Sphaerochaeta;pleomorpha;Sphaerochaeta pleomorpha;Sphaerochaeta_pleomorpha_str._Grapes.fna;
cluster.43;Bacteria;Proteobacteria;Gammaproteobacteria;Pseudomonadales;Moraxellaceae;Enhydrobacter;aerosaccus;Enhydrobacter aerosaccus;Enhydrobacter_aerosaccus_SK60.fna;
cluster.45;Bacteria;Actinobacteria;Actinobacteria;Bifidobacteriales;Bifidobacteriaceae;Bifidobacterium;adolescentis;Bifidobacterium adolescentis;Bifidobacterium_adolescentis_CAG_119.fna;
cluster.46;Bacteria;Bacteroidetes;Bacteroidia;Flavobacteriales;Blattabacteriaceae;Blattabacterium;sp.;Blattabacterium sp.;Blattabacterium_sp._Mastotermes_darwiniensis_str._MADAR.fna;
cluster.47;Bacteria;Bacteroidetes;Bacteroidia;Bacteroidales;Prevotellaceae;Prevotella;denticola;Prevotella denticola;Prevotella_denticola_F0289.fna;
cluster.48;Bacteria;Firmicutes;Clostridia;Clostridiales;Eubacteriaceae;Acetobacterium;dehalogenans;Acetobacterium dehalogenans;Acetobacterium_dehalogenans_DSM_11527.fna;
cluster.49;Bacteria;Proteobacteria;Gammaproteobacteria;Aeromonadales;Aeromonadaceae;Aeromonas;hydrophila;Aeromonas hydrophila;Aeromonas_hydrophila_ML09_119.fna;
cluster.50;Bacteria;Firmicutes;Clostridia;Clostridiales;Ruminococcaceae;Faecalibacterium;cf.;Faecalibacterium cf.;Faecalibacterium_cf._prausnitzii_KLE1255.fna;
cluster.51;Bacteria;Actinobacteria;Actinobacteria;Micrococcales;Promicromonosporaceae;Cellulosimicrobium;cellulans;Cellulosimicrobium cellulans;Cellulosimicrobium_cellulans_LMG_16121.fna;
cluster.52;Bacteria;Proteobacteria;Gammaproteobacteria;Betaproteobacteriales;Neisseriaceae;Neisseria;shayeganii;Neisseria shayeganii;Neisseria_shayeganii_871.fna;
cluster.53;Bacteria;Bacteroidetes;Bacteroidia;Bacteroidales;Prevotellaceae;Prevotella;denticola;Prevotella denticola;Prevotella_denticola_F0289.fna;
cluster.54;Bacteria;Actinobacteria;Actinobacteria;Bifidobacteriales;Bifidobacteriaceae;Bifidobacterium;thermacidophilum;Bifidobacterium thermacidophilum;Bifidobacterium_thermacidophilum_subsp._thermacidophilum_DSM_15837.fna;
cluster.55;Bacteria;Proteobacteria;Gammaproteobacteria;Betaproteobacteriales;Burkholderiaceae;Alicycliphilus;denitrificans;Alicycliphilus denitrificans;Alicycliphilus_denitrificans_BC.fna;
cluster.58;Bacteria;Proteobacteria;Alphaproteobacteria;Holosporales;Holosporaceae;Holospora;undulata;Holospora undulata;Holospora_undulata_HU1.fna;
cluster.59;Bacteria;Proteobacteria;Gammaproteobacteria;Betaproteobacteriales;Burkholderiaceae;Ralstonia;solanacearum;Ralstonia solanacearum;Ralstonia_solanacearum_GMI1000.fna;
cluster.60;Bacteria;Firmicutes;Negativicutes;Selenomonadales;Veillonellaceae;Dialister;invisus;Dialister invisus;Dialister_invisus_CAG_218.fna;
cluster.61;Bacteria;Firmicutes;Clostridia;Clostridiales;Lachnospiraceae;Roseburia;sp.;Roseburia sp.;Roseburia_sp._CAG_18.fna;
cluster.62;Bacteria;Actinobacteria;Actinobacteria;Corynebacteriales;Corynebacteriaceae;Corynebacterium;doosanense;Corynebacterium doosanense;Corynebacterium_doosanense_CAU_212_DSM_45436.fna;
cluster.63;Bacteria;Proteobacteria;Gammaproteobacteria;Betaproteobacteriales;Burkholderiaceae;Comamonas;granuli;Comamonas granuli;Comamonas_granuli_NBRC_101663.fna;
cluster.64;Bacteria;Firmicutes;Bacilli;Bacillales;Bacillaceae;Halobacillus;halophilus;Halobacillus halophilus;Halobacillus_halophilus_DSM_2266.fna;
cluster.65;Bacteria;Proteobacteria;Alphaproteobacteria;Pelagibacterales;Pelagibacteraceae;Pelagibacter;Pelagibacter;Candidatus Pelagibacter;Candidatus_Pelagibacter_sp._IMCC9063.fna;
cluster.66;Bacteria;Aquificae;Aquificae;Hydrogenothermales;Hydrogenothermaceae;Persephonella;marina;Persephonella marina;Persephonella_marina_EX_H1.fna;
cluster.67;Bacteria;Bacteroidetes;Bacteroidia;Bacteroidales;Bacteroidaceae;Bacteroides;cellulosilyticus;Bacteroides cellulosilyticus;Bacteroides_cellulosilyticus_CAG_158.fna;
cluster.68;Bacteria;Firmicutes;Negativicutes;Selenomonadales;Acidaminococcaceae;Acidaminococcus;sp.;Acidaminococcus sp.;Acidaminococcus_sp._HPA0509.fna;
cluster.69;Bacteria;Fusobacteria;Fusobacteriia;Fusobacteriales;Leptotrichiaceae;Streptobacillus;moniliformis;Streptobacillus moniliformis;Streptobacillus_moniliformis_DSM_12112.fna;
cluster.70;Bacteria;Proteobacteria;Gammaproteobacteria;Betaproteobacteriales;Rhodocyclaceae;Dechlorosoma;suillum;Dechlorosoma suillum;Dechlorosoma_suillum_PS.fna;
cluster.71;Bacteria;Actinobacteria;Actinobacteria;Streptomycetales;Streptomycetaceae;Streptomyces;sclerotialus.fna;Streptomyces sclerotialus;Streptomyces_sclerotialus.fna;
cluster.72;Bacteria;Actinobacteria;Actinobacteria;Micrococcales;Micrococcaceae;Nesterenkonia;sp.;Nesterenkonia sp.;Nesterenkonia_sp._NP1.fna;
cluster.73;Bacteria;Proteobacteria;Gammaproteobacteria;Betaproteobacteriales;Aquaspirillaceae;Aquaspirillum;serpens;Aquaspirillum serpens;Aquaspirillum_serpens_DSM_68.fna;
cluster.74;Bacteria;Firmicutes;Erysipelotrichia;Erysipelotrichales;Erysipelotrichaceae;Holdemanella;biformis;Holdemanella biformis;Holdemanella_biformis_DSM_3989.fna;
cluster.75;Bacteria;Bacteroidetes;Bacteroidia;Flavobacteriales;Weeksellaceae;Chryseobacterium;haifense;Chryseobacterium haifense;Chryseobacterium_haifense_DSM_19056.fna;
cluster.76;Bacteria;Proteobacteria;Gammaproteobacteria;Enterobacteriales;Enterobacteriaceae;Klebsiella;oxytoca;Klebsiella oxytoca;Klebsiella_oxytoca_KCTC_1686.fna;
cluster.77;Bacteria;Firmicutes;Clostridia;Clostridiales;Eubacteriaceae;Eubacterium;hallii;Eubacterium hallii;Eubacterium_hallii_CAG_12.fna;
cluster.78;Bacteria;Firmicutes;Negativicutes;Selenomonadales;Veillonellaceae;Veillonella;sp.;Veillonella sp.;Veillonella_sp._oral_taxon_780_str._F0422.fna;
cluster.80;Bacteria;Proteobacteria;Gammaproteobacteria;Pseudomonadales;Pseudomonadaceae;Pseudomonas;caeni;Pseudomonas caeni;Pseudomonas_caeni_DSM_24390.fna;
cluster.82;Bacteria;Proteobacteria;Gammaproteobacteria;Betaproteobacteriales;Burkholderiaceae;Sphaerotilus;natans;Sphaerotilus natans;Sphaerotilus_natans_subsp._natans_DSM_6575.fna;
cluster.83;Bacteria;Actinobacteria;Actinobacteria;Micrococcales;Intrasporangiaceae;Tetrasphaera;elongata;Tetrasphaera elongata;Tetrasphaera_elongata_Lp2.fna;
cluster.84;Bacteria;Proteobacteria;Deltaproteobacteria;Desulfovibrionales;Desulfovibrionaceae;Bilophila;wadsworthia;Bilophila wadsworthia;Bilophila_wadsworthia_3_1_6.fna;
cluster.85;Bacteria;Proteobacteria;Gammaproteobacteria;Betaproteobacteriales;Burkholderiaceae;Collimonas;fungivorans;Collimonas fungivorans;Collimonas_fungivorans_Ter331.fna;
cluster.87;Bacteria;Actinobacteria;Actinobacteria;Bifidobacteriales;Bifidobacteriaceae;Gardnerella;vaginalis;Gardnerella vaginalis;Gardnerella_vaginalis_HMP9231.fna;
cluster.88;Bacteria;Nitrospirae;Nitrospira;Nitrospirales;Nitrospiraceae;Nitrospira;Nitrospira;Candidatus Nitrospira;Candidatus_Nitrospira_defluvii.fna;
cluster.89;Bacteria;Firmicutes;Clostridia;Clostridiales;Clostridiaceae;Clostridium;sp.;Clostridium sp.;Clostridium_sp._CAG_91.fna;
cluster.90;Bacteria;Firmicutes;Clostridia;Clostridiales;Eubacteriaceae;Eubacterium;eligens;Eubacterium eligens;Eubacterium_eligens_CAG_72.fna;
cluster.91;Bacteria;Actinobacteria;Actinobacteria;Corynebacteriales;Mycobacteriaceae;Mycobacterium;avium;Mycobacterium avium;Mycobacterium_avium_subsp._hominissuis_A5.fna;
cluster.92;Bacteria;Proteobacteria;Gammaproteobacteria;Betaproteobacteriales;Burkholderiaceae;Ralstonia;solanacearum;Ralstonia solanacearum;Ralstonia_solanacearum_Po82.fna;
cluster.93;Bacteria;Proteobacteria;Gammaproteobacteria;Aeromonadales;Aeromonadaceae;Tolumonas;auensis;Tolumonas auensis;Tolumonas_auensis_DSM_9187.fna;
cluster.94;Bacteria;Bacteroidetes;Bacteroidia;Bacteroidales;Prevotellaceae;Prevotella;paludivivens;Prevotella paludivivens;Prevotella_paludivivens_DSM_17968_JCM_13650.fna;
cluster.95;Bacteria;Epsilonbacteraeota;Campylobacteria;Campylobacterales;Arcobacteraceae;Arcobacter;sp.;Arcobacter sp.;Arcobacter_sp._L.fna;
cluster.96;Bacteria;Proteobacteria;Gammaproteobacteria;Betaproteobacteriales;Chitinibacteraceae;Deefgea;rivuli;Deefgea rivuli;Deefgea_rivuli_DSM_18356.fna;
cluster.97;Bacteria;Bacteroidetes;Bacteroidia;Bacteroidales;Tannerellaceae;Parabacteroides;sp.;Parabacteroides sp.;Parabacteroides_sp._CAG_2.fna;
cluster.98;Bacteria;Bacteroidetes;Bacteroidia;Bacteroidales;Rikenellaceae;Alistipes;finegoldii;Alistipes finegoldii;Alistipes_finegoldii_CAG_68.fna;
cluster.99;Bacteria;Firmicutes;Clostridia;Clostridiales;Ruminococcaceae;Ruminococcus;sp.;Ruminococcus sp.;Ruminococcus_sp._JC304.fna;
cluster.100;Bacteria;Cyanobacteria;Cyanophyceae;Nostocales;Nostocaceae;Nostoc;sp.;Nostoc sp.;Nostoc_sp._PCC_7120.fna;
cluster.101;Bacteria;Actinobacteria;Actinobacteria;Propionibacteriales;Propionibacteriaceae;Propionibacterium;sp.;Propionibacterium sp.;Propionibacterium_sp._oral_taxon_192_str._F0372.fna;
cluster.102;Bacteria;Actinobacteria;Actinobacteria;Streptomycetales;Streptomycetaceae;Streptomyces;tsukubaensis;Streptomyces tsukubaensis;Streptomyces_tsukubaensis_NRRL18488.fna;
cluster.103;Bacteria;Bacteroidetes;Bacteroidia;Flavobacteriales;Flavobacteriaceae;Flavobacterium;succinicans;Flavobacterium succinicans;Flavobacterium_succinicans_LMG_10402.fna;
cluster.104;Bacteria;Proteobacteria;Gammaproteobacteria;Betaproteobacteriales;Burkholderiaceae;Acidovorax;radicis;Acidovorax radicis;Acidovorax_radicis_N35.fna;
cluster.105;Bacteria;Actinobacteria;Actinobacteria;Bifidobacteriales;Bifidobacteriaceae;Bifidobacterium;longum;Bifidobacterium longum;Bifidobacterium_longum_DJO10A.fna;
cluster.106;Bacteria;Actinobacteria;Actinobacteria;Micrococcales;Micrococcaceae;Nesterenkonia;sp.;Nesterenkonia sp.;Nesterenkonia_sp._NP1.fna;
cluster.107;Bacteria;Firmicutes;Erysipelotrichia;Erysipelotrichales;Erysipelotrichaceae;Erysipelothrix;rhusiopathiae;Erysipelothrix rhusiopathiae;Erysipelothrix_rhusiopathiae_SY1027.fna;
cluster.108;Bacteria;Actinobacteria;Actinobacteria;Propionibacteriales;Propionibacteriaceae;Tessaracoccus;sp.;Tessaracoccus sp.;Tessaracoccus_sp._SIT6.fna;
cluster.109;Bacteria;Firmicutes;Clostridia;Clostridiales;Clostridiaceae;Clostridium;sp.;Clostridium sp.;Clostridium_sp._CAG_354.fna;
cluster.110;Bacteria;Proteobacteria;Gammaproteobacteria;Betaproteobacteriales;Neisseriaceae;Neisseria;sp.;Neisseria sp.;Neisseria_sp._oral_taxon_020_str._F0370.fna;
cluster.111;Bacteria;Bacteroidetes;Bacteroidia;Flavobacteriales;Flavobacteriaceae;Flavobacterium;limnosediminis;Flavobacterium limnosediminis;Flavobacterium_limnosediminis_JC2902.fna;
cluster.112;Bacteria;Epsilonbacteraeota;Campylobacteria;Campylobacterales;Campylobacteraceae;Campylobacter;jejuni;Campylobacter jejuni;Campylobacter_jejuni_subsp._jejuni_NCTC_11168_BN148.fna;
cluster.113;Bacteria;Verrucomicrobia;Verrucomicrobiae;Verrucomicrobiales;Akkermansiaceae;Akkermansia;sp.;Akkermansia sp.;Akkermansia_sp._CAG_344.fna;
cluster.114;Bacteria;Proteobacteria;Gammaproteobacteria;Betaproteobacteriales;Burkholderiaceae;Acidovorax;sp.;Acidovorax sp.;Acidovorax_sp._JS42.fna;
cluster.115;Bacteria;Bacteroidetes;Bacteroidia;Bacteroidales;Tannerellaceae;Parabacteroides;johnsonii;Parabacteroides johnsonii;Parabacteroides_johnsonii_CAG_246.fna;
cluster.116;Bacteria;Bacteroidetes;Bacteroidia;Bacteroidales;Paludibacteraceae;Paludibacter;propionicigenes;Paludibacter propionicigenes;Paludibacter_propionicigenes_WB4.fna;
cluster.117;Bacteria;Firmicutes;Clostridia;Clostridiales;Ruminococcaceae;Ruminococcus;sp.;Ruminococcus sp.;Ruminococcus_sp._5_1_39BFAA.fna;
cluster.118;Bacteria;Proteobacteria;Gammaproteobacteria;Pseudomonadales;Pseudomonadaceae;Pseudomonas;fluorescens;Pseudomonas fluorescens;Pseudomonas_fluorescens_SBW25.fna;
cluster.120;Bacteria;Firmicutes;Clostridia;Clostridiales;Clostridiaceae;Clostridium;paraputrificum;Clostridium paraputrificum;Clostridium_paraputrificum_AGR2156.fna;
cluster.121;Bacteria;Firmicutes;Bacilli;Lactobacillales;Streptococcaceae;Lactococcus;raffinolactis;Lactococcus raffinolactis;Lactococcus_raffinolactis_4877.fna;
cluster.122;Bacteria;Proteobacteria;Alphaproteobacteria;Rhizobiales;Xanthobacteraceae;Afipia;broomeae;Afipia broomeae;Afipia_broomeae_ATCC_49717.fna;
cluster.123;Bacteria;Firmicutes;Bacilli;Lactobacillales;Enterococcaceae;Enterococcus;hirae;Enterococcus hirae;Enterococcus_hirae_ATCC_9790.fna;
cluster.124;Bacteria;Firmicutes;Clostridia;Clostridiales;Ruminococcaceae;Ruminococcus;obeum;Ruminococcus obeum;Ruminococcus_obeum_CAG_39.fna;
cluster.125;Bacteria;Firmicutes;Bacilli;Lactobacillales;Aerococcaceae;Aerococcus;viridans;Aerococcus viridans;Aerococcus_viridans_ATCC_11563.fna;
cluster.126;Bacteria;Proteobacteria;Gammaproteobacteria;Aeromonadales;Aeromonadaceae;Aeromonas;sp.;Aeromonas sp.;Aeromonas_sp._HZM.fna;
cluster.127;Bacteria;Bacteroidetes;Bacteroidia;Bacteroidales;Bacteroidaceae;Bacteroides;plebeius;Bacteroides plebeius;Bacteroides_plebeius_CAG_211.fna;
cluster.128;Bacteria;Firmicutes;Clostridia;Clostridiales;Peptococcaceae;Desulfitobacterium;hafniense;Desulfitobacterium hafniense;Desulfitobacterium_hafniense_PCP_1.fna;
cluster.129;Bacteria;Firmicutes;Negativicutes;Selenomonadales;Veillonellaceae;Selenomonas;ruminantium;Selenomonas ruminantium;Selenomonas_ruminantium_AC2024.fna;
cluster.130;Bacteria;Epsilonbacteraeota;Campylobacteria;Nautiliales;Nautiliaceae;Lebetimonas;sp.;Lebetimonas sp.;Lebetimonas_sp._JS085.fna;
cluster.131;Bacteria;Firmicutes;Clostridia;Clostridiales;Ruminococcaceae;Ruminococcus;sp.;Ruminococcus sp.;Ruminococcus_sp._A254.MGS_108.fna;
cluster.132;Bacteria;Proteobacteria;Gammaproteobacteria;Betaproteobacteriales;Rhodocyclaceae;Azonexus;hydrophilus;Azonexus hydrophilus;Azonexus_hydrophilus_DSM_23864.fna;
cluster.133;Bacteria;Proteobacteria;Gammaproteobacteria;Betaproteobacteriales;Aquaspirillaceae;Aquaspirillum;serpens;Aquaspirillum serpens;Aquaspirillum_serpens_DSM_68.fna;
cluster.134;Bacteria;Proteobacteria;Gammaproteobacteria;Betaproteobacteriales;Rhodocyclaceae;Azoarcus;toluclasticus;Azoarcus toluclasticus;Azoarcus_toluclasticus_ATCC_700605.fna;
cluster.135;Bacteria;Actinobacteria;Actinobacteria;Propionibacteriales;Propionibacteriaceae;Tessaracoccus;sp.;Tessaracoccus sp.;Tessaracoccus_sp._SIT6.fna;
cluster.136;Bacteria;Proteobacteria;Gammaproteobacteria;Pseudomonadales;Pseudomonadaceae;Pseudomonas;caeni;Pseudomonas caeni;Pseudomonas_caeni_DSM_24390.fna;
cluster.137;Bacteria;Proteobacteria;Alphaproteobacteria;Sphingomonadales;Sphingomonadaceae;Sphingobium;xenophagum;Sphingobium xenophagum;Sphingobium_xenophagum_NBRC_107872.fna;
cluster.138;Bacteria;Bacteroidetes;Bacteroidia;Bacteroidales;Bacteroidaceae;Bacteroides;sp.;Bacteroides sp.;Bacteroides_sp._CAG_20.fna;
cluster.139;Bacteria;Firmicutes;Clostridia;Clostridiales;Ruminococcaceae;Faecalibacterium;prausnitzii;Faecalibacterium prausnitzii;Faecalibacterium_prausnitzii_M21_2.fna;
cluster.140;Bacteria;Firmicutes;Clostridia;Clostridiales;Clostridiaceae;Clostridium;Clostridium;Clostridium;_Clostridium_sticklandii.fna;
cluster.141;Bacteria;Firmicutes;Clostridia;Clostridiales;Lachnospiraceae;Roseburia;inulinivorans;Roseburia inulinivorans;Roseburia_inulinivorans_CAG_15.fna;
cluster.142;Bacteria;Bacteroidetes;Bacteroidia;Bacteroidales;Bacteroidaceae;Bacteroides;fragilis;Bacteroides fragilis;Bacteroides_fragilis_CAG_47.fna;
cluster.143;Bacteria;Firmicutes;Clostridia;Clostridiales;Clostridiaceae;Clostridium;sp.;Clostridium sp.;Clostridium_sp._CAG_43.fna;
cluster.145;Bacteria;Bacteroidetes;Bacteroidia;Bacteroidales;Bacteroidaceae;Bacteroides;uniformis;Bacteroides uniformis;Bacteroides_uniformis_ATCC_8492.fna;
cluster.146;Bacteria;Actinobacteria;Actinobacteria;Streptomycetales;Streptomycetaceae;Streptomyces;cattleya;Streptomyces cattleya;Streptomyces_cattleya_NRRL_8057_DSM_46488.fna;
cluster.147;Bacteria;Firmicutes;Clostridia;Clostridiales;Peptostreptococcaceae;Proteocatella;sphenisci;Proteocatella sphenisci;Proteocatella_sphenisci_DSM_23131.fna;
cluster.148;Bacteria;Bacteroidetes;Bacteroidia;Flavobacteriales;Weeksellaceae;Chryseobacterium;haifense;Chryseobacterium haifense;Chryseobacterium_haifense_DSM_19056.fna;
cluster.149;Bacteria;Proteobacteria;Gammaproteobacteria;Betaproteobacteriales;Burkholderiaceae;Comamonas;testosteroni;Comamonas testosteroni;Comamonas_testosteroni_NBRC_100989.fna;
cluster.150;Bacteria;Firmicutes;Negativicutes;Selenomonadales;Veillonellaceae;Megasphaera;sp.;Megasphaera sp.;Megasphaera_sp._NM10.fna;
cluster.151;Bacteria;Actinobacteria;Actinobacteria;Micrococcales;Intrasporangiaceae;Serinicoccus;marinus;Serinicoccus marinus;Serinicoccus_marinus_DSM_15273.fna;
cluster.152;Bacteria;Epsilonbacteraeota;Campylobacteria;Campylobacterales;Sulfurospirillaceae;Sulfurospirillum;arsenophilum;Sulfurospirillum arsenophilum;Sulfurospirillum_arsenophilum_NBRC_109478.fna;
cluster.153;Bacteria;Proteobacteria;Gammaproteobacteria;Pseudomonadales;Pseudomonadaceae;Pseudomonas;caeni;Pseudomonas caeni;Pseudomonas_caeni_DSM_24390.fna;
cluster.154;Bacteria;Firmicutes;Erysipelotrichia;Erysipelotrichales;Erysipelotrichaceae;Erysipelothrix;tonsillarum;Erysipelothrix tonsillarum;Erysipelothrix_tonsillarum_DSM_14972.fna;
cluster.155;Bacteria;Firmicutes;Clostridia;Clostridiales;Ruminococcaceae;Ruminococcus;sp.;Ruminococcus sp.;Ruminococcus_sp._CAG_90.fna;
cluster.156;Bacteria;Firmicutes;Bacilli;Bacillales;Bacillaceae;Bacillus;cereus;Bacillus cereus;Bacillus_cereus_FRI_35.fna;
cluster.157;Bacteria;Firmicutes;Negativicutes;Selenomonadales;Veillonellaceae;Megamonas;funiformis;Megamonas funiformis;Megamonas_funiformis_CAG_377.fna;
cluster.158;Bacteria;Proteobacteria;Deltaproteobacteria;Desulfuromonadales;Desulfuromonadaceae;Pelobacter;propionicus;Pelobacter propionicus;Pelobacter_propionicus_DSM_2379.fna;
cluster.159;Bacteria;Bacteroidetes;Bacteroidia;Flavobacteriales;Flavobacteriaceae;Flavobacterium;sasangense;Flavobacterium sasangense;Flavobacterium_sasangense_DSM_21067.fna;
cluster.160;Bacteria;Firmicutes;Erysipelotrichia;Erysipelotrichales;Erysipelotrichaceae;Faecalicoccus;pleomorphus;Faecalicoccus pleomorphus;Faecalicoccus_pleomorphus_DSM_20574.fna;
cluster.161;Bacteria;Actinobacteria;Actinobacteria;Propionibacteriales;Propionibacteriaceae;Tessaracoccus;sp.;Tessaracoccus sp.;Tessaracoccus_sp._SIT6.fna;
cluster.162;Bacteria;Bacteroidetes;Bacteroidia;Bacteroidales;Prevotellaceae;Paraprevotella;clara;Paraprevotella clara;Paraprevotella_clara_CAG_116.fna;
cluster.163;Bacteria;Firmicutes;Negativicutes;Selenomonadales;Acidaminococcaceae;Phascolarctobacterium;succinatutens;Phascolarctobacterium succinatutens;Phascolarctobacterium_succinatutens_YIT_12067.fna;
cluster.164;Bacteria;Epsilonbacteraeota;Campylobacteria;Campylobacterales;Arcobacteraceae;Arcobacter;butzleri;Arcobacter butzleri;Arcobacter_butzleri_JV22.fna;
cluster.165;Bacteria;Firmicutes;Clostridia;Clostridiales;Clostridiaceae;Clostridium;leptum;Clostridium leptum;Clostridium_leptum_CAG_27.fna;
cluster.166;Bacteria;Firmicutes;Clostridia;Clostridiales;Ruminococcaceae;Ruminococcus;lactaris;Ruminococcus lactaris;Ruminococcus_lactaris_ATCC_29176.fna;
cluster.167;Bacteria;Proteobacteria;Gammaproteobacteria;Betaproteobacteriales;Neisseriaceae;Neisseria;meningitidis;Neisseria meningitidis;Neisseria_meningitidis_NM3001.fna;
cluster.168;Bacteria;Firmicutes;Clostridia;Clostridiales;Clostridiaceae;Clostridium;sp.;Clostridium sp.;Clostridium_sp._CAG_217.fna;
cluster.169;Bacteria;Actinobacteria;Actinobacteria;Micromonosporales;Micromonosporaceae;Dactylosporangium;aurantiacum.fna;Dactylosporangium aurantiacum;Dactylosporangium_aurantiacum.fna;
cluster.171;Bacteria;Firmicutes;Clostridia;Clostridiales;Eubacteriaceae;Eubacterium;sp.;Eubacterium sp.;Eubacterium_sp._CAG_202.fna;
cluster.172;Bacteria;Proteobacteria;Gammaproteobacteria;Betaproteobacteriales;Burkholderiaceae;Ralstonia;solanacearum;Ralstonia solanacearum;Ralstonia_solanacearum_Po82.fna;
cluster.174;Bacteria;Firmicutes;Clostridia;Clostridiales;Lachnospiraceae;Blautia;sp.;Blautia sp.;Blautia_sp._CAG_237.fna;
cluster.175;Bacteria;Actinobacteria;Actinobacteria;Propionibacteriales;Nocardioidaceae;Nocardioides;sp.;Nocardioides sp.;Nocardioides_sp._URHA0032.fna;
cluster.176;Bacteria;Actinobacteria;Actinobacteria;Micrococcales;Sanguibacteraceae;Sanguibacter;keddieii;Sanguibacter keddieii;Sanguibacter_keddieii_DSM_10542.fna;
cluster.177;Bacteria;Firmicutes;Clostridia;Clostridiales;Lachnospiraceae;Dorea;longicatena;Dorea longicatena;Dorea_longicatena_AGR2136.fna;
cluster.178;Bacteria;Proteobacteria;Gammaproteobacteria;Pseudomonadales;Moraxellaceae;Acinetobacter;guillouiae;Acinetobacter guillouiae;Acinetobacter_guillouiae_NIPH_991.fna;
cluster.179;Bacteria;Proteobacteria;Gammaproteobacteria;Betaproteobacteriales;Burkholderiaceae;Comamonas;aquatica.fna;Comamonas aquatica;Comamonas_aquatica.fna;
cluster.180;Bacteria;Proteobacteria;Gammaproteobacteria;Aeromonadales;Aeromonadaceae;Tolumonas;auensis;Tolumonas auensis;Tolumonas_auensis_DSM_9187.fna;
cluster.181;Bacteria;Actinobacteria;Actinobacteria;Micrococcales;Microbacteriaceae;Leucobacter;chironomi;Leucobacter chironomi;Leucobacter_chironomi_DSM_19883.fna;
cluster.184;Bacteria;Firmicutes;Bacilli;Lactobacillales;Streptococcaceae;Streptococcus;infantarius;Streptococcus infantarius;Streptococcus_infantarius_subsp._infantarius_ATCC_BAA_102.fna;
cluster.185;Bacteria;Proteobacteria;Gammaproteobacteria;Nitrococcales;Halorhodospiraceae;Alkalilimnicola;ehrlichii;Alkalilimnicola ehrlichii;Alkalilimnicola_ehrlichii_MLHE_1.fna;
cluster.186;Bacteria;Firmicutes;Clostridia;Clostridiales;Clostridiaceae;Clostridium;Clostridium;Clostridium;_Clostridium_bolteae_ATCC_BAA_613.fna;
cluster.187;Bacteria;Actinobacteria;Actinobacteria;Bifidobacteriales;Bifidobacteriaceae;Bifidobacterium;bifidum;Bifidobacterium bifidum;Bifidobacterium_bifidum_S17.fna;
cluster.188;Bacteria;Proteobacteria;Gammaproteobacteria;Betaproteobacteriales;Burkholderiaceae;Ralstonia;solanacearum;Ralstonia solanacearum;Ralstonia_solanacearum_Po82.fna;
cluster.189;Bacteria;Bacteroidetes;Bacteroidia;Bacteroidales;Prevotellaceae;Prevotella;sp.;Prevotella sp.;Prevotella_sp._CAG_386.fna;
cluster.191;Bacteria;Firmicutes;Clostridia;Clostridiales;Lachnospiraceae;Dorea;sp.;Dorea sp.;Dorea_sp._CAG_317.fna;
cluster.192;Bacteria;Spirochaetes;Brachyspirae;Brachyspirales;Brachyspiraceae;Brachyspira;pilosicoli;Brachyspira pilosicoli;Brachyspira_pilosicoli_P43_6_78.fna;
