cluster_id,taxa_id,taxa_level,Kingdom,Phylum,Class,Order,Family,Genus,Species,Strain,avg_dist
cluster.18,uSGB_14874,Other,k__Bacteria,p__Firmicutes,c__CFGB3012,o__OFGB3012,f__FGB3012,g__GGB9479,s__GGB9479_SGB14874,t__SGB14874,0.009878194
cluster.12,kSGB_4608,Species,k__Bacteria,p__Firmicutes,c__Clostridia,o__Clostridiales,f__Lachnospiraceae,g__Blautia,s__Ruminococcus_torques,t__SGB4608,0.010550476
cluster.17,kSGB_6075,Species,k__Bacteria,p__Fusobacteria,c__Fusobacteriia,o__Fusobacteriales,f__Leptotrichiaceae,g__Sebaldella,s__Sebaldella_termitidis,t__SGB6075,0.0107577
cluster.68,kSGB_5736,Species,k__Bacteria,p__Firmicutes,c__Negativicutes,o__Acidaminococcales,f__Acidaminococcaceae,g__Acidaminococcus,s__Acidaminococcus_intestini,t__SGB5736,0.014062386
cluster.26,kSGB_1949,Species,k__Bacteria,p__Bacteroidetes,c__Bacteroidia,o__Bacteroidales,f__Tannerellaceae,g__Parabacteroides,s__Parabacteroides_merdae,t__SGB1949,0.017059294
cluster.28,kSGB_1829,Species,k__Bacteria,p__Bacteroidetes,c__Bacteroidia,o__Bacteroidales,f__Bacteroidaceae,g__Bacteroides,s__Bacteroides_eggerthii,t__SGB1829,0.017750694
cluster.39,kSGB_9016,Species,k__Bacteria,p__Nitrospirae,c__Nitrospira,o__Nitrospirales,f__Nitrospiraceae,g__Nitrospira,s__Nitrospira_sp_ND1,t__SGB9016,0.01839835
cluster.29,kSGB_1790,Species,k__Bacteria,p__Bacteroidetes,c__Bacteroidia,o__Bacteroidales,f__Odoribacteraceae,g__Odoribacter,s__Odoribacter_splanchnicus,t__SGB1790,0.018571471
cluster.27,kSGB_2318,Species,k__Bacteria,p__Bacteroidetes,c__Bacteroidia,o__Bacteroidales,f__Rikenellaceae,g__Alistipes,s__Alistipes_putredinis,t__SGB2318,0.019132442
cluster.10,uSGB_5792,Other,k__Bacteria,p__Proteobacteria,c__CFGB1704,o__OFGB1704,f__FGB1704,g__GGB4258,s__GGB4258_SGB5792,t__SGB5792,0.019592696
cluster.50,uSGB_15286,Family,k__Bacteria,p__Firmicutes,c__Clostridia,o__Clostridiales,f__Ruminococcaceae,g__GGB9728,s__GGB9728_SGB15286,t__SGB15286,0.020386591
cluster.45,kSGB_17244,Species,k__Bacteria,p__Actinobacteria,c__Actinobacteria,o__Bifidobacteriales,f__Bifidobacteriaceae,g__Bifidobacterium,s__Bifidobacterium_adolescentis,t__SGB17244,0.023232266
cluster.25,kSGB_4584,Species,k__Bacteria,p__Firmicutes,c__Clostridia,o__Clostridiales,f__Lachnospiraceae,g__Blautia,s__Ruminococcus_gnavus,t__SGB4584,0.023700697
cluster.37,kSGB_13091,Species,k__Bacteria,p__Proteobacteria,c__Betaproteobacteria,o__Neisseriales,f__Chromobacteriaceae,g__Laribacter,s__Laribacter_hongkongensis,t__SGB13091,0.02439225
cluster.36,kSGB_4262,Species,k__Bacteria,p__Firmicutes,c__Clostridia,o__Clostridiales,f__Ruminococcaceae,g__Ruminococcus,s__Ruminococcus_bicirculans,t__SGB4262,0.024693255
cluster.14,kSGB_15300,Species,k__Bacteria,p__Firmicutes,c__Clostridia,o__Clostridiales,f__Ruminococcaceae,g__Gemmiger,s__Gemmiger_formicilis,t__SGB15300,0.024713938
cluster.121,kSGB_7989,Species,k__Bacteria,p__Firmicutes,c__Bacilli,o__Lactobacillales,f__Streptococcaceae,g__Lactococcus,s__Lactococcus_raffinolactis,t__SGB7989,0.0250062
cluster.2,kSGB_714,Species,k__Archaea,p__Euryarchaeota,c__Methanobacteria,o__Methanobacteriales,f__Methanobacteriaceae,g__Methanobrevibacter,s__Methanobrevibacter_smithii,t__SGB714,0.025710123
cluster.70,kSGB_12609,Species,k__Bacteria,p__Proteobacteria,c__Betaproteobacteria,o__Rhodocyclales,f__Rhodocyclaceae,g__Azospira,s__Azospira_oryzae,t__SGB12609,0.0259684
cluster.138,kSGB_1965,Species,k__Bacteria,p__Bacteroidetes,c__Bacteroidia,o__Bacteroidales,f__Barnesiellaceae,g__Barnesiella,s__Barnesiella_intestinihominis,t__SGB1965,0.026032681
cluster.67,kSGB_1844,Species,k__Bacteria,p__Bacteroidetes,c__Bacteroidia,o__Bacteroidales,f__Bacteroidaceae,g__Bacteroides,s__Bacteroides_cellulosilyticus,t__SGB1844,0.026069964
cluster.61,kSGB_4925,Species,k__Bacteria,p__Firmicutes,c__Clostridia,o__Clostridiales,f__Lachnospiraceae,g__Roseburia,s__Roseburia_faecis,t__SGB4925,0.02634505
cluster.113,kSGB_9228,Species,k__Bacteria,p__Verrucomicrobia,c__Verrucomicrobiae,o__Verrucomicrobiales,f__Akkermansiaceae,g__Akkermansia,s__Akkermansia_muciniphila,t__SGB9228,0.027624009
cluster.186,uSGB_4753,Family,k__Bacteria,p__Firmicutes,c__Clostridia,o__Clostridiales,f__Lachnospiraceae,g__GGB3554,s__GGB3554_SGB4753,t__SGB4753,0.027865039
cluster.53,uSGB_1699,Family,k__Bacteria,p__Bacteroidetes,c__Bacteroidia,o__Bacteroidales,f__Prevotellaceae,g__GGB1266,s__GGB1266_SGB1699,t__SGB1699,0.027885613
cluster.93,kSGB_10296,Species,k__Bacteria,p__Proteobacteria,c__Gammaproteobacteria,o__Aeromonadales,f__Aeromonadaceae,g__Tolumonas,s__Tolumonas_auensis,t__SGB10296,0.0280002
cluster.86,uSGB_4993,Other,k__Bacteria,p__Firmicutes,c__CFGB1464,o__OFGB1464,f__FGB1464,g__GGB3679,s__GGB3679_SGB4993,t__SGB4993,0.02800532
cluster.41,uSGB_4367,Other,k__Bacteria,p__Firmicutes,c__CFGB1354,o__OFGB1354,f__FGB1354,g__GGB3304,s__GGB3304_SGB4367,t__SGB4367,0.028046012
cluster.8,uSGB_15369,Other,k__Bacteria,p__Firmicutes,c__CFGB3068,o__OFGB3068,f__FGB3068,g__GGB9758,s__GGB9758_SGB15369,t__SGB15369,0.028131305
cluster.126,kSGB_9955,Species,k__Bacteria,p__Proteobacteria,c__Gammaproteobacteria,o__Aeromonadales,f__Aeromonadaceae,g__Aeromonas,s__Aeromonas_caviae,t__SGB9955,0.028322868
cluster.143,uSGB_4705,Family,k__Bacteria,p__Firmicutes,c__Clostridia,o__Clostridiales,f__Clostridiales_unclassified,g__GGB3525,s__GGB3525_SGB4705,t__SGB4705,0.028329053
cluster.81,uSGB_12629,Family,k__Bacteria,p__Proteobacteria,c__Betaproteobacteria,o__Burkholderiales,f__Burkholderiaceae,g__GGB8253,s__GGB8253_SGB12629,t__SGB12629,0.0289006
cluster.40,kSGB_4575,Species,k__Bacteria,p__Firmicutes,c__Clostridia,o__Clostridiales,f__Lachnospiraceae,g__Dorea,s__Dorea_formicigenerans,t__SGB4575,0.029126876
cluster.98,kSGB_2301,Species,k__Bacteria,p__Bacteroidetes,c__Bacteroidia,o__Bacteroidales,f__Rikenellaceae,g__Alistipes,s__Alistipes_finegoldii,t__SGB2301,0.029894728
cluster.142,kSGB_1855,Species,k__Bacteria,p__Bacteroidetes,c__Bacteroidia,o__Bacteroidales,f__Bacteroidaceae,g__Bacteroides,s__Bacteroides_fragilis,t__SGB1855,0.030023672
cluster.32,uSGB_4269,Other,k__Bacteria,p__Firmicutes,c__CFGB1334,o__OFGB1334,f__FGB1334,g__GGB3232,s__GGB3232_SGB4269,t__SGB4269,0.030093497
cluster.97,kSGB_1934,Species,k__Bacteria,p__Bacteroidetes,c__Bacteroidia,o__Bacteroidales,f__Tannerellaceae,g__Parabacteroides,s__Parabacteroides_distasonis,t__SGB1934,0.030127363
cluster.177,kSGB_4582,Species,k__Bacteria,p__Firmicutes,c__Clostridia,o__Clostridiales,f__Lachnospiraceae,g__Dorea,s__Dorea_longicatena,t__SGB4582,0.031264901
cluster.165,kSGB_14853,Species,k__Bacteria,p__Firmicutes,c__Clostridia,o__Clostridiales,f__Ruminococcaceae,g__Ruminococcaceae_unclassified,s__Clostridium_leptum,t__SGB14853,0.03185683
cluster.187,kSGB_17256,Species,k__Bacteria,p__Actinobacteria,c__Actinobacteria,o__Bifidobacteriales,f__Bifidobacteriaceae,g__Bifidobacterium,s__Bifidobacterium_bifidum,t__SGB17256,0.032051983
cluster.174,uSGB_4809,Family,k__Bacteria,p__Firmicutes,c__Clostridia,o__Clostridiales,f__Lachnospiraceae,g__GGB3589,s__GGB3589_SGB4809,t__SGB4809,0.032470343
cluster.42,kSGB_5090,Species,k__Bacteria,p__Firmicutes,c__Clostridia,o__Clostridiales,f__Clostridiales_unclassified,g__Clostridiales_unclassified,s__Clostridiales_bacterium_KLE1615,t__SGB5090,0.032551103
cluster.84,kSGB_15452,Species,k__Bacteria,p__Proteobacteria,c__Deltaproteobacteria,o__Desulfovibrionales,f__Desulfovibrionaceae,g__Bilophila,s__Bilophila_wadsworthia,t__SGB15452,0.032717102
cluster.171,uSGB_4290,Family,k__Bacteria,p__Firmicutes,c__Clostridia,o__Clostridiales,f__Ruminococcaceae,g__GGB3244,s__GGB3244_SGB4290,t__SGB4290,0.032981436
cluster.60,kSGB_5825,Species,k__Bacteria,p__Firmicutes,c__Negativicutes,o__Veillonellales,f__Veillonellaceae,g__Dialister,s__Dialister_invisus,t__SGB5825,0.033076771
cluster.89,uSGB_4914,Other,k__Bacteria,p__Firmicutes,c__CFGB1451,o__OFGB1451,f__FGB1451,g__GGB3628,s__GGB3628_SGB4914,t__SGB4914,0.03382205
cluster.129,uSGB_6925,Family,k__Bacteria,p__Firmicutes,c__Negativicutes,o__Veillonellales,f__Veillonellaceae,g__GGB4962,s__GGB4962_SGB6925,t__SGB6925,0.0340249
cluster.77,kSGB_4532,Species,k__Bacteria,p__Firmicutes,c__Clostridia,o__Clostridiales,f__Lachnospiraceae,g__Anaerobutyricum,s__Anaerobutyricum_hallii,t__SGB4532,0.034550861
cluster.56,uSGB_6754,Genus,k__Bacteria,p__Firmicutes,c__Erysipelotrichia,o__Erysipelotrichales,f__Erysipelotrichaceae,g__Coprobacillus,s__Coprobacillus_SGB6754,t__SGB6754,0.034692263
cluster.54,uSGB_17274,Genus,k__Bacteria,p__Actinobacteria,c__Actinobacteria,o__Bifidobacteriales,f__Bifidobacteriaceae,g__Bifidobacterium,s__Bifidobacterium_SGB17274,t__SGB17274,0.0348011
cluster.168,uSGB_4303,Other,k__Bacteria,p__Firmicutes,c__CFGB1340,o__OFGB1340,f__FGB1340,g__GGB3256,s__GGB3256_SGB4303,t__SGB4303,0.03579223
cluster.155,kSGB_4826,Species,k__Bacteria,p__Firmicutes,c__Clostridia,o__Clostridiales,f__Lachnospiraceae,g__Blautia,s__Blautia_sp_KLE_1732,t__SGB4826,0.035836377
cluster.109,uSGB_6317,Other,k__Bacteria,p__Firmicutes,c__CFGB1765,o__OFGB1765,f__FGB1765,g__GGB4571,s__GGB4571_SGB6317,t__SGB6317,0.036011226
cluster.90,kSGB_5082,Species,k__Bacteria,p__Firmicutes,c__Clostridia,o__Clostridiales,f__Eubacteriaceae,g__Eubacterium,s__Eubacterium_eligens,t__SGB5082,0.036468216
cluster.145,kSGB_1836,Species,k__Bacteria,p__Bacteroidetes,c__Bacteroidia,o__Bacteroidales,f__Bacteroidaceae,g__Bacteroides,s__Bacteroides_uniformis,t__SGB1836,0.037157707
cluster.141,kSGB_4940,Species,k__Bacteria,p__Firmicutes,c__Clostridia,o__Clostridiales,f__Lachnospiraceae,g__Roseburia,s__Roseburia_inulinivorans,t__SGB4940,0.039314951
cluster.99,kSGB_4820,Species,k__Bacteria,p__Firmicutes,c__Clostridia,o__Clostridiales,f__Lachnospiraceae,g__Blautia,s__Ruminococcus_torques,t__SGB4820,0.040472634
cluster.124,kSGB_4811,Species,k__Bacteria,p__Firmicutes,c__Clostridia,o__Clostridiales,f__Lachnospiraceae,g__Blautia,s__Blautia_obeum,t__SGB4811,0.041164742
cluster.164,kSGB_19413,Species,k__Bacteria,p__Proteobacteria,c__Epsilonproteobacteria,o__Campylobacterales,f__Campylobacteraceae,g__Arcobacter,s__Arcobacter_butzleri,t__SGB19413,0.042167923
cluster.127,uSGB_1903,Genus,k__Bacteria,p__Bacteroidetes,c__Bacteroidia,o__Bacteroidales,f__Bacteroidaceae,g__Bacteroides,s__Bacteroides_SGB1903,t__SGB1903,0.042834583
cluster.150,kSGB_5858,Species,k__Bacteria,p__Firmicutes,c__Negativicutes,o__Veillonellales,f__Veillonellaceae,g__Megasphaera,s__Megasphaera_sp_BL7,t__SGB5858,0.043610551
cluster.189,uSGB_1613,Family,k__Bacteria,p__Bacteroidetes,c__Bacteroidia,o__Bacteroidales,f__Prevotellaceae,g__GGB1234,s__GGB1234_SGB1613,t__SGB1613,0.043737497
cluster.184,kSGB_8022,Species,k__Bacteria,p__Firmicutes,c__Bacilli,o__Lactobacillales,f__Streptococcaceae,g__Streptococcus,s__Streptococcus_equinus,t__SGB8022,0.044861805
cluster.117,kSGB_4844,Species,k__Bacteria,p__Firmicutes,c__Clostridia,o__Clostridiales,f__Lachnospiraceae,g__Blautia,s__Blautia_obeum,t__SGB4844,0.04500174
cluster.162,kSGB_1798,Species,k__Bacteria,p__Bacteroidetes,c__Bacteroidia,o__Bacteroidales,f__Prevotellaceae,g__Paraprevotella,s__Paraprevotella_clara,t__SGB1798,0.045026387
cluster.108,kSGB_15911,Species,k__Bacteria,p__Actinobacteria,c__Actinobacteria,o__Propionibacteriales,f__Propionibacteriaceae,g__Tessaracoccus,s__Tessaracoccus_flavescens,t__SGB15911,0.0462846
cluster.182,kSGB_4564,Species,k__Bacteria,p__Firmicutes,c__Clostridia,o__Clostridiales,f__Lachnospiraceae,g__Blautia,s__Ruminococcus_torques,t__SGB4564,0.047338347
cluster.166,kSGB_4557,Species,k__Bacteria,p__Firmicutes,c__Clostridia,o__Clostridiales,f__Ruminococcaceae,g__Ruminococcus,s__Ruminococcus_lactaris,t__SGB4557,0.048098935
cluster.125,kSGB_7467,Species,k__Bacteria,p__Firmicutes,c__Bacilli,o__Lactobacillales,f__Carnobacteriaceae,g__Trichococcus,s__Trichococcus_flocculiformis,t__SGB7467,0.049471425
cluster.115,kSGB_1927,Species,k__Bacteria,p__Bacteroidetes,c__Bacteroidia,o__Bacteroidales,f__Tannerellaceae,g__Parabacteroides,s__Parabacteroides_chartae,t__SGB1927,0.04995415
cluster.157,kSGB_6962,Species,k__Bacteria,p__Firmicutes,c__Negativicutes,o__Selenomonadales,f__Selenomonadaceae,g__Megamonas,s__Megamonas_funiformis,t__SGB6962,0.050181767
cluster.183,kSGB_4547,Species,k__Bacteria,p__Firmicutes,c__Clostridia,o__Clostridiales,f__Lachnospiraceae,g__Anaerostipes,s__Anaerostipes_hadrus,t__SGB4547,0.050454226
cluster.173,uSGB_12629,Family,k__Bacteria,p__Proteobacteria,c__Betaproteobacteria,o__Burkholderiales,f__Burkholderiaceae,g__GGB8253,s__GGB8253_SGB12629,t__SGB12629,0.0505746
cluster.82,kSGB_12812,Species,k__Bacteria,p__Proteobacteria,c__Betaproteobacteria,o__Burkholderiales,f__Burkholderiales_unclassified,g__Sphaerotilus,s__Sphaerotilus_natans,t__SGB12812,0.054879
cluster.119,uSGB_14993,Family,k__Bacteria,p__Firmicutes,c__Clostridia,o__Clostridiales,f__Clostridiaceae,g__GGB9578,s__GGB9578_SGB14993,t__SGB14993,0.055605623
cluster.139,kSGB_15332,Species,k__Bacteria,p__Firmicutes,c__Clostridia,o__Clostridiales,f__Ruminococcaceae,g__Faecalibacterium,s__Faecalibacterium_prausnitzii,t__SGB15332,0.058796457
cluster.140,kSGB_6090,Species,k__Bacteria,p__Firmicutes,c__Clostridia,o__Clostridiales,f__Peptostreptococcaceae,g__Acetoanaerobium,s__Acetoanaerobium_sticklandii,t__SGB6090,0.0595738
cluster.163,kSGB_5767,Species,k__Bacteria,p__Firmicutes,c__Negativicutes,o__Acidaminococcales,f__Acidaminococcaceae,g__Phascolarctobacterium,s__Phascolarctobacterium_succinatutens,t__SGB5767,0.073435454
cluster.149,kSGB_12684,Species,k__Bacteria,p__Proteobacteria,c__Betaproteobacteria,o__Burkholderiales,f__Comamonadaceae,g__Comamonas,s__Comamonas_sp_26,t__SGB12684,0.0896822
cluster.51,kSGB_16050,Species,k__Bacteria,p__Actinobacteria,c__Actinobacteria,o__Micrococcales,f__Sanguibacteraceae,g__Sanguibacter,s__Sanguibacter_soli,t__SGB16050,0.0914296
cluster.47,kSGB_1927,Species,k__Bacteria,p__Bacteroidetes,c__Bacteroidia,o__Bacteroidales,f__Tannerellaceae,g__Parabacteroides,s__Parabacteroides_chartae,t__SGB1927,0.1348335
cluster.55,kSGB_12717,Species,k__Bacteria,p__Proteobacteria,c__Betaproteobacteria,o__Burkholderiales,f__Comamonadaceae,g__Alicycliphilus,s__Alicycliphilus_denitrificans,t__SGB12717,0.1368145
cluster.95,kSGB_19418,Species,k__Bacteria,p__Proteobacteria,c__Epsilonproteobacteria,o__Campylobacterales,f__Campylobacteraceae,g__Arcobacter,s__Arcobacter_cryaerophilus,t__SGB19418,0.14043
cluster.180,kSGB_10296,Species,k__Bacteria,p__Proteobacteria,c__Gammaproteobacteria,o__Aeromonadales,f__Aeromonadaceae,g__Tolumonas,s__Tolumonas_auensis,t__SGB10296,0.141125
cluster.178,kSGB_10380,Species,k__Bacteria,p__Proteobacteria,c__Gammaproteobacteria,o__Pseudomonadales,f__Moraxellaceae,g__Acinetobacter,s__Acinetobacter_guillouiae,t__SGB10380,0.141988
cluster.48,kSGB_4072,Species,k__Bacteria,p__Firmicutes,c__Clostridia,o__Clostridiales,f__Eubacteriaceae,g__Acetobacterium,s__Acetobacterium_wieringae,t__SGB4072,0.144579
cluster.6,kSGB_19418,Species,k__Bacteria,p__Proteobacteria,c__Epsilonproteobacteria,o__Campylobacterales,f__Campylobacteraceae,g__Arcobacter,s__Arcobacter_cryaerophilus,t__SGB19418,0.155405
cluster.7,kSGB_13375,Species,k__Bacteria,p__Proteobacteria,c__Betaproteobacteria,o__Nitrosomonadales,f__Nitrosomonadaceae,g__Nitrosomonas,s__Nitrosomonas_ureae,t__SGB13375,0.156865
cluster.103,kSGB_2965,Species,k__Bacteria,p__Bacteroidetes,c__Flavobacteriia,o__Flavobacteriales,f__Flavobacteriaceae,g__Flavobacterium,s__Flavobacterium_sinopsychrotolerans,t__SGB2965,0.158887
cluster.132,uSGB_12619,Family,k__Bacteria,p__Proteobacteria,c__Betaproteobacteria,o__Burkholderiales,f__Burkholderiaceae,g__GGB8248,s__GGB8248_SGB12619,t__SGB12619,0.159146
cluster.43,kSGB_10439,Species,k__Bacteria,p__Proteobacteria,c__Gammaproteobacteria,o__Pseudomonadales,f__Moraxellaceae,g__Moraxella,s__Moraxella_osloensis,t__SGB10439,0.17412876
cluster.181,kSGB_16936,Species,k__Bacteria,p__Actinobacteria,c__Actinobacteria,o__Micrococcales,f__Microbacteriaceae,g__Leucobacter,s__Leucobacter_sp_UCD_THU,t__SGB16936,0.177011
cluster.114,kSGB_12686,Species,k__Bacteria,p__Proteobacteria,c__Betaproteobacteria,o__Burkholderiales,f__Comamonadaceae,g__Acidovorax,s__Acidovorax_soli,t__SGB12686,0.180587
cluster.148,kSGB_2534,Species,k__Bacteria,p__Bacteroidetes,c__Flavobacteriia,o__Flavobacteriales,f__Flavobacteriaceae,g__Cloacibacterium,s__Cloacibacterium_normanense,t__SGB2534,0.1807945
cluster.128,kSGB_4525,Species,k__Bacteria,p__Firmicutes,c__Clostridia,o__Clostridiales,f__Lachnospiraceae,g__Anaerobium,s__Anaerobium_acetethylicum,t__SGB4525,0.182699
cluster.122,kSGB_11357,Species,k__Bacteria,p__Proteobacteria,c__Alphaproteobacteria,o__Rhizobiales,f__Bradyrhizobiaceae,g__Afipia,s__Afipia_sp_Root123D2,t__SGB11357,0.183134
cluster.91,kSGB_15667,Species,k__Bacteria,p__Actinobacteria,c__Actinobacteria,o__Corynebacteriales,f__Mycobacteriaceae,g__Mycobacterium,s__Mycobacterium_sp_IS_1742,t__SGB15667,0.186292
cluster.4,kSGB_9630,Species,k__Bacteria,p__Proteobacteria,c__Gammaproteobacteria,o__Pasteurellales,f__Pasteurellaceae,g__Pasteurella,s__Pasteurella_testudinis,t__SGB9630,0.188686
cluster.110,kSGB_9470,Species,k__Bacteria,p__Proteobacteria,c__Betaproteobacteria,o__Neisseriales,f__Neisseriaceae,g__Neisseria,s__Neisseria_dentiae,t__SGB9470,0.189679
cluster.79,kSGB_2367,Species,k__Bacteria,p__Bacteroidetes,c__Bacteroidia,o__Bacteroidales,f__Bacteroidales_unclassified,g__Bacteroidales_unclassified,s__Bacteroidales_bacterium_CF,t__SGB2367,0.189679
cluster.159,kSGB_3018,Species,k__Bacteria,p__Bacteroidetes,c__Flavobacteriia,o__Flavobacteriales,f__Flavobacteriaceae,g__Flavobacterium,s__Flavobacterium_succinicans,t__SGB3018,0.191209
cluster.20,kSGB_12714,Species,k__Bacteria,p__Proteobacteria,c__Betaproteobacteria,o__Burkholderiales,f__Comamonadaceae,g__Oryzisolibacter,s__Oryzisolibacter_propanilivorax,t__SGB12714,0.193331
cluster.31,kSGB_8209,Species,k__Bacteria,p__Firmicutes,c__Bacilli,o__Lactobacillales,f__Streptococcaceae,g__Streptococcus,s__Streptococcus_suis,t__SGB8209,0.199098694
cluster.88,kSGB_9017,Species,k__Bacteria,p__Nitrospirae,c__Nitrospira,o__Nitrospirales,f__Nitrospiraceae,g__Nitrospira,s__Nitrospira_defluvii,t__SGB9017,0.207842
cluster.52,kSGB_9446,Species,k__Bacteria,p__Proteobacteria,c__Betaproteobacteria,o__Neisseriales,f__Neisseriaceae,g__Neisseria,s__Neisseria_shayeganii,t__SGB9446,0.213325
cluster.11,kSGB_5650,Species,k__Bacteria,p__Proteobacteria,c__Oligoflexia,o__Silvanigrellales,f__Silvanigrellaceae,g__Silvanigrella,s__Silvanigrella_aquatica,t__SGB5650,0.215016
cluster.75,kSGB_2636,Species,k__Bacteria,p__Bacteroidetes,c__Flavobacteriia,o__Flavobacteriales,f__Flavobacteriaceae,g__Chryseobacterium,s__Chryseobacterium_koreense,t__SGB2636,0.217673
cluster.156,uSGB_3514,Other,k__Bacteria,p__Proteobacteria,c__CFGB990,o__OFGB990,f__FGB990,g__GGB2599,s__GGB2599_SGB3514,t__SGB3514,0.219463
cluster.134,uSGB_12620,Family,k__Bacteria,p__Proteobacteria,c__Betaproteobacteria,o__Burkholderiales,f__Burkholderiaceae,g__GGB8249,s__GGB8249_SGB12620,t__SGB12620,0.224525
cluster.137,uSGB_11588,Family,k__Bacteria,p__Proteobacteria,c__Alphaproteobacteria,o__Sphingomonadales,f__Sphingomonadaceae,g__GGB7826,s__GGB7826_SGB11588,t__SGB11588,0.227796
cluster.179,kSGB_12677,Species,k__Bacteria,p__Proteobacteria,c__Betaproteobacteria,o__Burkholderiales,f__Comamonadaceae,g__Comamonas,s__Comamonas_aquatica,t__SGB12677,0.227805
cluster.172,uSGB_12620,Family,k__Bacteria,p__Proteobacteria,c__Betaproteobacteria,o__Burkholderiales,f__Burkholderiaceae,g__GGB8249,s__GGB8249_SGB12620,t__SGB12620,0.228939
cluster.83,kSGB_16039,Species,k__Bacteria,p__Actinobacteria,c__Actinobacteria,o__Micrococcales,f__Intrasporangiaceae,g__Tetrasphaera,s__Tetrasphaera_duodecadis,t__SGB16039,0.23011
cluster.5,kSGB_10428,Species,k__Bacteria,p__Proteobacteria,c__Gammaproteobacteria,o__Pseudomonadales,f__Moraxellaceae,g__Moraxella,s__Moraxella_lacunata,t__SGB10428,0.23073025
cluster.63,kSGB_12668,Species,k__Bacteria,p__Proteobacteria,c__Betaproteobacteria,o__Burkholderiales,f__Comamonadaceae,g__Brachymonas,s__Brachymonas_denitrificans,t__SGB12668,0.231311
cluster.167,kSGB_9470,Species,k__Bacteria,p__Proteobacteria,c__Betaproteobacteria,o__Neisseriales,f__Neisseriaceae,g__Neisseria,s__Neisseria_dentiae,t__SGB9470,0.236445
cluster.101,kSGB_15908,Species,k__Bacteria,p__Actinobacteria,c__Actinobacteria,o__Propionibacteriales,f__Propionibacteriaceae,g__Luteococcus,s__Luteococcus_japonicus,t__SGB15908,0.23782
cluster.116,kSGB_1346,Species,k__Bacteria,p__Bacteroidetes,c__Bacteroidia,o__Bacteroidales,f__Paludibacteraceae,g__Paludibacter,s__Paludibacter_propionicigenes,t__SGB1346,0.23782
cluster.176,kSGB_16035,Species,k__Bacteria,p__Actinobacteria,c__Actinobacteria,o__Micrococcales,f__Intrasporangiaceae,g__Phycicoccus,s__Phycicoccus_dokdonensis,t__SGB16035,0.23782
cluster.185,kSGB_10478,Species,k__Bacteria,p__Proteobacteria,c__Gammaproteobacteria,o__Gammaproteobacteria_unclassified,f__Candidatus_Competibacteraceae,g__Candidatus_Contendobacter,s__Candidatus_Contendobacter_odensis,t__SGB10478,0.23782
cluster.76,uSGB_15499,Other,k__Bacteria,p__Synergistetes,c__CFGB3088,o__OFGB3088,f__FGB3088,g__GGB9844,s__GGB9844_SGB15499,t__SGB15499,0.23782
cluster.191,uSGB_4573,Family,k__Bacteria,p__Firmicutes,c__Clostridia,o__Clostridiales,f__Lachnospiraceae,g__GGB3433,s__GGB3433_SGB4573,t__SGB4573,0.238394171
cluster.30,kSGB_12668,Species,k__Bacteria,p__Proteobacteria,c__Betaproteobacteria,o__Burkholderiales,f__Comamonadaceae,g__Brachymonas,s__Brachymonas_denitrificans,t__SGB12668,0.239237
cluster.9,kSGB_13092,Species,k__Bacteria,p__Proteobacteria,c__Betaproteobacteria,o__Neisseriales,f__Chromobacteriaceae,g__Aquaspirillum,s__Aquaspirillum_sp_LM1,t__SGB13092,0.239237
cluster.135,kSGB_15914,Species,k__Bacteria,p__Actinobacteria,c__Actinobacteria,o__Propionibacteriales,f__Propionibacteriaceae,g__Tessaracoccus,s__Tessaracoccus_lapidicaptus,t__SGB15914,0.240721
cluster.19,uSGB_1772,Genus,k__Bacteria,p__Bacteroidetes,c__Bacteroidia,o__Bacteroidales,f__Dysgonamonadaceae,g__Dysgonomonas,s__Dysgonomonas_SGB1772,t__SGB1772,0.245371
cluster.49,kSGB_9953,Species,k__Bacteria,p__Proteobacteria,c__Gammaproteobacteria,o__Aeromonadales,f__Aeromonadaceae,g__Aeromonas,s__Aeromonas_dhakensis,t__SGB9953,0.24954875
cluster.151,uSGB_15906,Family,k__Bacteria,p__Actinobacteria,c__Actinobacteria,o__Propionibacteriales,f__Propionibacteriaceae,g__GGB10029,s__GGB10029_SGB15906,t__SGB15906,0.250557
cluster.152,kSGB_19240,Species,k__Bacteria,p__Proteobacteria,c__Epsilonproteobacteria,o__Campylobacterales,f__Campylobacteraceae,g__Sulfurospirillum,s__Sulfurospirillum_barnesii,t__SGB19240,0.250557
cluster.65,uSGB_5979,Other,k__Bacteria,p__Bacteroidetes,c__CFGB1724,o__OFGB1724,f__FGB1724,g__GGB4365,s__GGB4365_SGB5979,t__SGB5979,0.250557
cluster.161,kSGB_16940,Species,k__Bacteria,p__Actinobacteria,c__Actinobacteria,o__Micrococcales,f__Microbacteriaceae,g__Agrococcus,s__Agrococcus_casei,t__SGB16940,0.25242
cluster.34,kSGB_19413,Species,k__Bacteria,p__Proteobacteria,c__Epsilonproteobacteria,o__Campylobacterales,f__Campylobacteraceae,g__Arcobacter,s__Arcobacter_butzleri,t__SGB19413,0.254148077
cluster.1,kSGB_1386,Species,k__Bacteria,p__Bacteroidetes,c__Bacteroidia,o__Bacteroidales,f__Bacteroidaceae,g__Bacteroides,s__Bacteroides_coprosuis,t__SGB1386,0.254359
cluster.100,uSGB_19824,Other,k__Bacteria,p__Candidatus_Saccharibacteria,c__CFGB4353,o__OFGB4353,f__FGB4353,g__GGB12785,s__GGB12785_SGB19824,t__SGB19824,0.254359
cluster.16,kSGB_19239,Species,k__Bacteria,p__Proteobacteria,c__Epsilonproteobacteria,o__Campylobacterales,f__Campylobacteraceae,g__Sulfurospirillum,s__Sulfurospirillum_deleyianum,t__SGB19239,0.254359
cluster.118,kSGB_12632,Species,k__Bacteria,p__Proteobacteria,c__Betaproteobacteria,o__Rhodocyclales,f__Rhodocyclaceae,g__Propionivibrio,s__Propionivibrio_dicarboxylicus,t__SGB12632,0.258493
cluster.57,kSGB_2367,Species,k__Bacteria,p__Bacteroidetes,c__Bacteroidia,o__Bacteroidales,f__Bacteroidales_unclassified,g__Bacteroidales_unclassified,s__Bacteroidales_bacterium_CF,t__SGB2367,0.258493
cluster.64,kSGB_4077,Species,k__Bacteria,p__Firmicutes,c__Clostridia,o__Clostridiales,f__Eubacteriaceae,g__Eubacterium,s__Eubacterium_aggregans,t__SGB4077,0.258493
cluster.111,kSGB_2534,Species,k__Bacteria,p__Bacteroidetes,c__Flavobacteriia,o__Flavobacteriales,f__Flavobacteriaceae,g__Cloacibacterium,s__Cloacibacterium_normanense,t__SGB2534,0.260703
cluster.22,uSGB_12620,Family,k__Bacteria,p__Proteobacteria,c__Betaproteobacteria,o__Burkholderiales,f__Burkholderiaceae,g__GGB8249,s__GGB8249_SGB12620,t__SGB12620,0.263022
cluster.105,uSGB_12620,Family,k__Bacteria,p__Proteobacteria,c__Betaproteobacteria,o__Burkholderiales,f__Burkholderiaceae,g__GGB8249,s__GGB8249_SGB12620,t__SGB12620,0.26546
cluster.169,kSGB_17717,Species,k__Bacteria,p__Chloroflexi,c__Caldilineae,o__Caldilineales,f__Caldilineaceae,g__Caldilinea,s__Caldilinea_aerophila,t__SGB17717,0.26546
cluster.102,uSGB_15906,Family,k__Bacteria,p__Actinobacteria,c__Actinobacteria,o__Propionibacteriales,f__Propionibacteriaceae,g__GGB10029,s__GGB10029_SGB15906,t__SGB15906,0.26803
cluster.106,kSGB_17213,Species,k__Bacteria,p__Actinobacteria,c__Actinobacteria,o__Micrococcales,f__Micrococcales_unclassified,g__Micrococcales_unclassified,s__Micrococcales_bacterium_KH10,t__SGB17213,0.26803
cluster.153,kSGB_9515,Species,k__Bacteria,p__Proteobacteria,c__Betaproteobacteria,o__Burkholderiales,f__Alcaligenaceae,g__Paenalcaligenes,s__Paenalcaligenes_hominis,t__SGB9515,0.270747
cluster.71,kSGB_16431,Species,k__Bacteria,p__Actinobacteria,c__Actinobacteria,o__Jiangellales,f__Jiangellaceae,g__Jiangella,s__Jiangella_alkaliphila,t__SGB16431,0.270747
cluster.136,kSGB_10296,Species,k__Bacteria,p__Proteobacteria,c__Gammaproteobacteria,o__Aeromonadales,f__Aeromonadaceae,g__Tolumonas,s__Tolumonas_auensis,t__SGB10296,0.273629
cluster.190,kSGB_7885,Species,k__Bacteria,p__Firmicutes,c__Bacilli,o__Lactobacillales,f__Carnobacteriaceae,g__Atopostipes,s__Atopostipes_suicloacalis,t__SGB7885,0.273629
cluster.69,uSGB_6048,Family,k__Bacteria,p__Fusobacteria,c__Fusobacteriia,o__Fusobacteriales,f__Leptotrichiaceae,g__GGB4393,s__GGB4393_SGB6048,t__SGB6048,0.273629
cluster.80,kSGB_13304,Species,k__Bacteria,p__Proteobacteria,c__Gammaproteobacteria,o__Pseudomonadales,f__Pseudomonadaceae,g__Oblitimonas,s__Oblitimonas_alkaliphila,t__SGB13304,0.275254875
cluster.104,kSGB_12670,Species,k__Bacteria,p__Proteobacteria,c__Betaproteobacteria,o__Burkholderiales,f__Comamonadaceae,g__Serpentinomonas,s__Serpentinomonas_mccroryi,t__SGB12670,0.276697
cluster.96,kSGB_16874,Species,k__Bacteria,p__Actinobacteria,c__Actinobacteria,o__Micrococcales,f__Microbacteriaceae,g__Microbacterium,s__Microbacterium_sp_Root1433D1,t__SGB16874,0.276697
cluster.3,uSGB_6961,Other,k__Bacteria,p__Firmicutes,c__CFGB1874,o__OFGB1874,f__FGB1874,g__GGB4971,s__GGB4971_SGB6961,t__SGB6961,0.2781366
cluster.62,kSGB_9283,Species,k__Bacteria,p__Proteobacteria,c__Betaproteobacteria,o__Burkholderiales,f__Sutterellaceae,g__Sutterella,s__Sutterella_wadsworthensis,t__SGB9283,0.281617664
cluster.21,kSGB_6061,Species,k__Bacteria,p__Fusobacteria,c__Fusobacteriia,o__Fusobacteriales,f__Leptotrichiaceae,g__Leptotrichia,s__Leptotrichia_sp_oral_taxon_879,t__SGB6061,0.283502
cluster.85,uSGB_15377,Other,k__Bacteria,p__Firmicutes,c__CFGB3069,o__OFGB3069,f__FGB3069,g__GGB9762,s__GGB9762_SGB15377,t__SGB15377,0.284819169
cluster.94,kSGB_1500,Species,k__Bacteria,p__Bacteroidetes,c__Bacteroidia,o__Bacteroidales,f__Prevotellaceae,g__Prevotella,s__Prevotella_bryantii,t__SGB1500,0.2858524
cluster.154,kSGB_6061,Species,k__Bacteria,p__Fusobacteria,c__Fusobacteriia,o__Fusobacteriales,f__Leptotrichiaceae,g__Leptotrichia,s__Leptotrichia_sp_oral_taxon_879,t__SGB6061,0.287309
cluster.158,kSGB_16541,Species,k__Bacteria,p__Actinobacteria,c__Actinobacteria,o__Geodermatophilales,f__Geodermatophilaceae,g__Klenkia,s__Klenkia_taihuensis,t__SGB16541,0.287309
cluster.59,kSGB_15889,Species,k__Bacteria,p__Actinobacteria,c__Actinobacteria,o__Actinomycetales,f__Actinomycetaceae,g__Actinomyces,s__Actinomyces_denticolens,t__SGB15889,0.287309
cluster.35,kSGB_6019,Species,k__Bacteria,p__Fusobacteria,c__Fusobacteriia,o__Fusobacteriales,f__Fusobacteriaceae,g__Cetobacterium,s__Cetobacterium_somerae,t__SGB6019,0.28739175
cluster.120,kSGB_8530,Species,k__Bacteria,p__Firmicutes,c__Clostridia,o__Clostridiales,f__Clostridiales_unclassified,g__Proteiniborus,s__Proteiniborus_ethanoligenes,t__SGB8530,0.291447
cluster.175,kSGB_16625,Species,k__Bacteria,p__Actinobacteria,c__Actinobacteria,o__Pseudonocardiales,f__Pseudonocardiaceae,g__Alloactinosynnema,s__Alloactinosynnema_iranicum,t__SGB16625,0.291447
cluster.188,kSGB_15889,Species,k__Bacteria,p__Actinobacteria,c__Actinobacteria,o__Actinomycetales,f__Actinomycetaceae,g__Actinomyces,s__Actinomyces_denticolens,t__SGB15889,0.295981
cluster.66,kSGB_19440,Species,k__Bacteria,p__Proteobacteria,c__Epsilonproteobacteria,o__Campylobacterales,f__Campylobacteraceae,g__Campylobacter,s__Campylobacter_sp_251_13,t__SGB19440,0.295981
cluster.46,kSGB_4021,Species,k__Bacteria,p__Firmicutes,c__Erysipelotrichia,o__Erysipelotrichales,f__Erysipelotrichaceae,g__Erysipelothrix,s__Erysipelothrix_larvae,t__SGB4021,0.300994
cluster.73,kSGB_13092,Species,k__Bacteria,p__Proteobacteria,c__Betaproteobacteria,o__Neisseriales,f__Chromobacteriaceae,g__Aquaspirillum,s__Aquaspirillum_sp_LM1,t__SGB13092,0.300994
cluster.78,kSGB_4098,Species,k__Bacteria,p__Firmicutes,c__Clostridia,o__Clostridiales,f__Ruminococcaceae,g__Ruminococcaceae_unclassified,s__Ruminococcaceae_bacterium_KH2T8,t__SGB4098,0.300994
cluster.87,uSGB_19815,Other,k__Bacteria,p__Candidatus_Saccharibacteria,c__CFGB4348,o__OFGB4348,f__FGB4348,g__GGB12777,s__GGB12777_SGB19815,t__SGB19815,0.300994
cluster.146,kSGB_17717,Species,k__Bacteria,p__Chloroflexi,c__Caldilineae,o__Caldilineales,f__Caldilineaceae,g__Caldilinea,s__Caldilinea_aerophila,t__SGB17717,0.306598
cluster.160,kSGB_187,Species,k__Archaea,p__Euryarchaeota,c__Methanomicrobia,o__Methanosarcinales,f__Methanotrichaceae,g__Methanothrix,s__Methanothrix_soehngenii,t__SGB187,0.306598
cluster.192,kSGB_15276,Species,k__Bacteria,p__Firmicutes,c__Clostridia,o__Clostridiales,f__Ruminococcaceae,g__Anaerofilum,s__Anaerofilum_sp_An201,t__SGB15276,0.306598
cluster.33,uSGB_3484,Other,k__Bacteria,p__Bacteroidetes,c__CFGB971,o__OFGB971,f__FGB971,g__GGB2571,s__GGB2571_SGB3484,t__SGB3484,0.306598
cluster.72,kSGB_17149,Species,k__Bacteria,p__Actinobacteria,c__Actinobacteria,o__Actinomycetales,f__Actinomycetaceae,g__Schaalia,s__Schaalia_georgiae,t__SGB17149,0.306598
cluster.23,uSGB_6330,Other,k__Bacteria,p__Firmicutes,c__CFGB1765,o__OFGB1765,f__FGB1765,g__GGB4580,s__GGB4580_SGB6330,t__SGB6330,0.308594769
cluster.15,kSGB_9475,Species,k__Bacteria,p__Proteobacteria,c__Betaproteobacteria,o__Neisseriales,f__Neisseriaceae,g__Kingella,s__Kingella_kingae,t__SGB9475,0.308966
cluster.107,kSGB_6741,Species,k__Bacteria,p__Firmicutes,c__Erysipelotrichia,o__Erysipelotrichales,f__Erysipelotrichaceae,g__Erysipelothrix,s__Erysipelothrix_rhusiopathiae,t__SGB6741,0.3113116
cluster.24,kSGB_2776,Species,k__Bacteria,p__Bacteroidetes,c__Flavobacteriia,o__Flavobacteriales,f__Flavobacteriaceae,g__Cellulophaga,s__Cellulophaga_fucicola,t__SGB2776,0.312952
cluster.147,uSGB_4754,Family,k__Bacteria,p__Firmicutes,c__Clostridia,o__Clostridiales,f__Lachnospiraceae,g__GGB3555,s__GGB3555_SGB4754,t__SGB4754,0.320287
cluster.38,uSGB_15499,Other,k__Bacteria,p__Synergistetes,c__CFGB3088,o__OFGB3088,f__FGB3088,g__GGB9844,s__GGB9844_SGB15499,t__SGB15499,0.320287
cluster.58,kSGB_1346,Species,k__Bacteria,p__Bacteroidetes,c__Bacteroidia,o__Bacteroidales,f__Paludibacteraceae,g__Paludibacter,s__Paludibacter_propionicigenes,t__SGB1346,0.320287
cluster.74,uSGB_7305,Genus,k__Bacteria,p__Firmicutes,c__Bacilli,o__Bacillales,f__Bacillales_unclassified,g__Gemella,s__Gemella_SGB7305,t__SGB7305,0.320287
cluster.123,kSGB_9476,Species,k__Bacteria,p__Proteobacteria,c__Betaproteobacteria,o__Neisseriales,f__Neisseriaceae,g__Kingella,s__Kingella_negevensis,t__SGB9476,0.328965
cluster.131,kSGB_8482,Species,k__Bacteria,p__Firmicutes,c__Clostridia,o__Clostridiales,f__Lachnospiraceae,g__Herbinix,s__Herbinix_luporum,t__SGB8482,0.328965
cluster.133,kSGB_12949,Species,k__Bacteria,p__Proteobacteria,c__Betaproteobacteria,o__Burkholderiales,f__Burkholderiaceae,g__Burkholderia,s__Candidatus_Burkholderia_crenata,t__SGB12949,0.328965
cluster.170,kSGB_9475,Species,k__Bacteria,p__Proteobacteria,c__Betaproteobacteria,o__Neisseriales,f__Neisseriaceae,g__Kingella,s__Kingella_kingae,t__SGB9475,0.328965
cluster.44,uSGB_8831,Family,k__Bacteria,p__Proteobacteria,c__Deltaproteobacteria,o__Desulfobacterales,f__Desulfobulbaceae,g__GGB6180,s__GGB6180_SGB8831,t__SGB8831,0.3342755
cluster.112,kSGB_1966,Species,k__Bacteria,p__Bacteroidetes,c__Bacteroidia,o__Bacteroidales,f__Barnesiellaceae,g__Barnesiella,s__Barnesiella_viscericola,t__SGB1966,0.339586
cluster.13,kSGB_2957,Species,k__Bacteria,p__Bacteroidetes,c__Flavobacteriia,o__Flavobacteriales,f__Flavobacteriaceae,g__Flavobacterium,s__Flavobacterium_sp_ALD4,t__SGB2957,0.339586
cluster.130,kSGB_19455,Species,k__Bacteria,p__Proteobacteria,c__Epsilonproteobacteria,o__Campylobacterales,f__Campylobacteraceae,g__Campylobacter,s__Campylobacter_insulaenigrae,t__SGB19455,0.339586
cluster.144,kSGB_17720,Species,k__Bacteria,p__Chloroflexi,c__Caldilineae,o__Caldilineales,f__Caldilineaceae,g__Litorilinea,s__Litorilinea_aerophila,t__SGB17720,0.339586
cluster.92,kSGB_2561,Species,k__Bacteria,p__Bacteroidetes,c__Flavobacteriia,o__Flavobacteriales,f__Flavobacteriaceae,g__Chryseobacterium,s__Chryseobacterium_sp_BGARF1,t__SGB2561,0.339586
